,analizo_amloc_mean,analizo_accm_mean,analizo_mmloc_mean
analizo_amloc_mean,1.0,0.8359129380444766,0.8592083671890812
analizo_accm_mean,0.8359129380444766,1.0,0.9052351196278691
analizo_mmloc_mean,0.8592083671890812,0.9052351196278691,1.0
